Product Link,Heading,Price,Old Price,Discount,Delivery Info,Description,SKU,Modèle,Poids (kg),Couleur,Matière principale,Image1,Image2,Image3,Image4,Image5,Image6,Image7,Image8
https://www.jumia.ma/generic-aspirateur-uv-sans-fil-portablepour-litoreillerscanapes-en-tissu-et-tapismachine-de-nettoyage-61103203.html,"aspirateur UV sans fil portable,pour lit,oreillers,canapés en tissu et tapis,Machine de nettoyage",179.0,300.0,40%,+ livraison à partir de 21.00 Dhs vers CASABLANCA - Anfa,"Détails
Aspirateur portable anti-acariens avec une puissance de 10 000 Pa, il aspire la saleté et la poussière facilement et avec une grande efficacité, il présente un design moderne, une couleur élégante et un poids léger, et il vous offre une expérience utilisateur parfaite. Il est considéré comme l'un des meilleurs appareils de nettoyage, car il fonctionne avec les rayons ultraviolets et aide à se débarrasser des particules nocives et à éliminer les allergènes avec facilité, rapidité et consommation d'énergie réduite.
* 10000 fois/min fibre de frappe à haute fréquence* UV-C stérilisation, désinfection, 99% stérilisation et 90% élimination des acariens* Aspiration élevée de 10000PA, coups de haute fréquence de 1000 fois/minute* Triple filtration* Filtration soutient lavage",GE232HA0HZXPGNAFAMZ,DUST SUCTION MITE REMOVER 2069,1,BLANC,ABS,https://ma.jumia.is/unsafe/fit-in/680x680/filters:fill(white)/product/30/230116/1.jpg,https://ma.jumia.is/unsafe/fit-in/680x680/filters:fill(white)/product/30/230116/2.jpg,https://ma.jumia.is/unsafe/fit-in/680x680/filters:fill(white)/product/30/230116/3.jpg,https://ma.jumia.is/unsafe/fit-in/680x680/filters:fill(white)/product/30/230116/4.jpg,https://ma.jumia.is/unsafe/fit-in/680x680/filters:fill(white)/product/30/230116/5.jpg,https://ma.jumia.is/unsafe/fit-in/680x680/filters:fill(white)/product/30/230116/6.jpg,,
https://www.jumia.ma/porte-vetements-a-double-pole-porte-manteau-au-sol-rail-a-vetements-pliant-dinterieur4-crochets-generic-mpg1459115.html,"Porte-vêtements à Double pôle, porte-manteau au sol, Rail à vêtements pliant d'intérieur,4 crochets",332.0,500.0,34%,+ livraison à partir de 12.00 Dhs vers CASABLANCA - Anfa,"Détails
Le séchoir à vêtements en métal est solide et stable pour accrocher vos vêtements et vos chaussures de rangement, etc. pour empêcher les vêtements de glisser.
Avantages du produit : - Fabriqué en métal hautement résistant avec placage de chrome épais de première qualité pour améliorer la protection contre la rouille et la corrosion.- Le tube en acier est épaissi, ce qui améliore considérablement la capacité de charge.- Il y a deux perles à l'extrémité de la tige pour empêcher les vêtements de glisser.- Il y a une étagère en bas pour une plus grande stabilité.- 4 crochets",GE232FD1LI1BYNAFAMZ,-,4,NOIR,Métal,https://ma.jumia.is/unsafe/fit-in/680x680/filters:fill(white)/product/96/579646/1.jpg,https://ma.jumia.is/unsafe/fit-in/680x680/filters:fill(white)/product/96/579646/2.jpg,https://ma.jumia.is/unsafe/fit-in/680x680/filters:fill(white)/product/96/579646/3.jpg,https://ma.jumia.is/unsafe/fit-in/680x680/filters:fill(white)/product/96/579646/4.jpg,,,,
https://www.jumia.ma/porte-vetements-telescopique-double-pole-cod-generic-mpg1330895.html,Porte-vêtements télescopique double pôle COD,148.0,599.0,75%,+ livraison à partir de 12.00 Dhs vers CASABLANCA - Anfa,"Détails
Porte-vêtements télescopique à deux pôles COD Fabriqué à partir de poteaux en acier inoxydable et de matières plastiques durables Réglable en hauteur et facile à déplacer Peut contenir de grandes charges de vêtements avec son cadre en métal solide Parfait pour organiser les vêtements Idéal pour sécher le linge à l'intérieur ou à l'extérieur Se plie à plat pour un rangement facile Excellent rangement solution.Double porte-vêtements en acier inoxydable, moderne, cintre pour manteau de tissu, séchoir à vêtements, outils de rangement pour le linge.Double barre.Vous pouvez également trouvez un catalogue avec de choix de produits très intéressants dans votre boutique sur Jumia k.solution,
N’hesiter pas jetez un petit coup d'œil :",GE232FD0CM0ZANAFAMZ,2022,5,Noir Gris,"steel, pipe, engineering, plastic",https://ma.jumia.is/unsafe/fit-in/680x680/filters:fill(white)/product/21/183094/1.jpg,https://ma.jumia.is/unsafe/fit-in/680x680/filters:fill(white)/product/21/183094/2.jpg,https://ma.jumia.is/unsafe/fit-in/680x680/filters:fill(white)/product/21/183094/3.jpg,https://ma.jumia.is/unsafe/fit-in/680x680/filters:fill(white)/product/21/183094/4.jpg,,,,
https://www.jumia.ma/generic-etagere-murale-rotative-360-triangulaire-anti-moisissureventouse-murale-salle-de-bain-cuisine-support-rangement-cadre-rotatif-41068892.html,"Étagère Murale Rotative 360 Triangulaire Anti-moisissure,Ventouse Murale, Salle De Bain, Cuisine, Support Rangement Cadre Rotatif",139.0,199.0,30%,+ livraison à partir de 21.00 Dhs vers CASABLANCA - Anfa,"Détails

Étagère triangulaire rotative 360
Pour facilité de ranger vos produit
Avantage :
Pratique
Facile
Réutilisable pour l'important quelle coins dans vôtre maison
Dure
Pas besoin de creuser le mur pour la coller
Vous pouvez utiliser dans la salle de bain , cuisine , chambre . Même réfrigérateur . Décorations , Décoration de Maison ,  Décoration de Chambre Bébé , Organisation Cabinet & tiroir , Stockage et organisation ,   Rangements & Organisation , Fourniture, décoration et rangement pour enfants.

1. Convient à toute Surface: l'étagère rotative convient à tout mur sec de surface, carreaux de céramique, marbre, papier peint, fibre de verre et verre.
2. Facile à installer: il suffit d'appuyer dedans et dehors, aucun assemblage, aucun outil et aucun dommage au mur.
3. Tenir 10 lbs: l'étagère rotative est conçue avec un coussin de compression en polymère pour une résistance maximale.
4. Rotation à 360 °: l'étagère de rangement rotative peut tourner à 360 ° pour ne plus être chaotique.
5. Fonction Anti-moisissure: le support rotatif avec la fonction anti-moisissure n'endommagera pas le mur, peut être réutilisé partout!.  Salle de bain , Accessoires de salle de bains , Porte-savons , Porte papier toilette , Accessoires de toilette , Brosses de toilette , Corbeilles salle de bain , Étagères de salle de bains ,  Décorations , Vitrines , Coffres de rangement , Meubles de loisirs , Un coin mécanique.",GE232FD0HSK72NAFAMZ,Rotation à 360,1,BLANC,Plastique,https://ma.jumia.is/unsafe/fit-in/680x680/filters:fill(white)/product/29/886014/1.jpg,https://ma.jumia.is/unsafe/fit-in/680x680/filters:fill(white)/product/29/886014/2.jpg,https://ma.jumia.is/unsafe/fit-in/680x680/filters:fill(white)/product/29/886014/3.jpg,https://ma.jumia.is/unsafe/fit-in/680x680/filters:fill(white)/product/29/886014/4.jpg,https://ma.jumia.is/unsafe/fit-in/680x680/filters:fill(white)/product/29/886014/5.jpg,https://ma.jumia.is/unsafe/fit-in/680x680/filters:fill(white)/product/29/886014/6.jpg,,
https://www.jumia.ma/generic-gaine-efficace-2019-48741547.html,Gaine efficace 2019,118.0,299.0,61%,+ livraison à partir de 12.00 Dhs vers CASABLANCA - Anfa,"Détails
Gaine corp set efficace a 100% sans faire beaucoup d'effort ",GE232FA18D3Z4NAFAMZ,NOUVEAU,1,,ORIGINALE,https://ma.jumia.is/unsafe/fit-in/680x680/filters:fill(white)/product/74/514784/1.jpg,,,,,,,
https://www.jumia.ma/gilet-de-sudation-homme-sauna-neoprene-pour-minceur-ceinture-de-sudation-fitenes-sports-debardeur-generic-mpg1068349.html,Gilet de Sudation Homme Sauna Néoprène pour Minceur Ceinture de Sudation Fitenes Sports Débardeur,88.98,299.0,70%,+ livraison à partir de 12.00 Dhs vers CASABLANCA - Anfa,"Détails
PRÊT POUR GILET SAUNA: Ce Gilet de sudation et la ceinture amincissante pour hommes sont fabriqués à partir de matériaux synthétiques en néoprène et polyester, respirants et ajustables, suffisamment flexibles pour bouger. Mettre cet Débardeur de Sudation pour hommes avant votre routine d'exercice peut vous aider perdez une quantité supplémentaire en eau. Aussi, ce gilet de Néoprène Sauna Minceur Amincissante peut vous garder au chaud par temps froid FACILE À METTRE ET À ENLEVER: La gaine de sudation ventre plat en néoprène amélioré avec fermeture à glissière est facile à mettre et à enlever. Faja neopreno hombre pour aider à épouser parfaitement votre corps pour une forme confortable et garder vos épaules droites. Une bonne chemise de compression pour les hommes MEILLEUR GILET DE SERRE TAILLE: La ceinture sudation en néoprène pour hommes avec entraîneur de taille est un modèle de gilet complet qui cible votre région abdominale centrale, ainsi qu'une ceinture externe réglable qui augmente votre énergie thermogénique et votre abdomen plat pour vous aider à transpirer intense plus efficacement.ADAPTÉ À TOUTES LES OCCASIONS: La compression du gilet peut aplatir le gros ventre et l'estomac, corriger votre posture et vous aide à transpirer rapidement pour contrôler le ventre, le gilet de serre taille pour hommes et le corset en néoprène chaud peut être porté sous toutes sortes de chemises ou Il est bon pour la course à pied, la gym, le basket-ball et le sauna, un outil d'exercice très efficace pour les hommes de toutes formes et tailles.SERVICE À LA CLIENTÈLE SATISFAIT: Notre objectif est de fournir une expérience satisfaisante à tous les clients, n'hésitez pas à nous contacter en cas de problème concernant ce gaine amincissant en néoprène, nous vous aiderons rapidement.",GE232MW0IJWB4NAFAMZ,.,0.5,,,https://ma.jumia.is/unsafe/fit-in/680x680/filters:fill(white)/product/31/161424/1.jpg,https://ma.jumia.is/unsafe/fit-in/680x680/filters:fill(white)/product/31/161424/2.jpg,https://ma.jumia.is/unsafe/fit-in/680x680/filters:fill(white)/product/31/161424/3.jpg,,,,,
https://www.jumia.ma/porte-serviettes-et-vetements-pour-salle-de-bain-avec-crochets-multifonctionnel-generic-mpg1405655.html,Porte Serviettes et Vêtements pour Salle de Bain avec crochets multifonctionnel,152.99,499.0,69%,+ livraison à partir de 12.00 Dhs vers CASABLANCA - Anfa,"Détails
Porte serviettes inox pour serviette avec  crochets multifonctionnel un accessoire de salle de bain sans rouille et sans corrosion. C'est un produit unique qui vous permet d'accrocher des serviettes et autres vêtements. Il utilise l'espace salle de bain d'une manière très unique.Nous offrons la meilleure qualité et service. Le produit étant unique vous offre juste une meilleure façon d'organiser la salle de bain et vos vêtements. Pliage Serviette Rack à travers son produit offre une certaine qualité de base comme, en gardant la serviette libre d'être humide et en le plaçant dans une bonne manière à travers laquelle il peut être bien utilisé. Achetez des porte-serviettes pliants et porte-serviettes en ligne et faites un pavé facile pour votre appartenance. Nous en tant que vendeur réputé vous offrons les accessoires de salle de bains en finition chromée avec un matériau en inox  qui donne une résistance et une durabilité élevées.
Matériel: inox
Poids: 1.184g
Dimension: 58cmx23cmx17cm",GE232FD0R5AUVNAFAMZ,Porte-serviettes,0.5,argent,acier inoxydable,https://ma.jumia.is/unsafe/fit-in/680x680/filters:fill(white)/product/45/596983/1.jpg,https://ma.jumia.is/unsafe/fit-in/680x680/filters:fill(white)/product/45/596983/2.jpg,https://ma.jumia.is/unsafe/fit-in/680x680/filters:fill(white)/product/45/596983/3.jpg,https://ma.jumia.is/unsafe/fit-in/680x680/filters:fill(white)/product/45/596983/4.jpg,https://ma.jumia.is/unsafe/fit-in/680x680/filters:fill(white)/product/45/596983/5.jpg,https://ma.jumia.is/unsafe/fit-in/680x680/filters:fill(white)/product/45/596983/6.jpg,https://ma.jumia.is/unsafe/fit-in/680x680/filters:fill(white)/product/45/596983/7.jpg,https://ma.jumia.is/unsafe/fit-in/680x680/filters:fill(white)/product/45/596983/8.jpg
https://www.jumia.ma/generic-organisateur-de-porte-et-de-dossier-de-siege-de-voiture-sac-en-cuir-62155943.html,Organisateur de Porte et de Dossier de Siège de Voiture Sac En Cuir,189.0,250.0,24%,+ livraison à partir de 12.00 Dhs vers CASABLANCA - Anfa,"Détails
Sac de rangement en cuir PU 5 couleurs, sac de rangement de coffre de voiture, poche arrière de siège, sac suspendu de décoration de voiture, accessoires d'intérieur.
Matériau: cuir PU de haute qualitéCouleur: noirTaille: 88cm x 48cmLieu d'installation: coffre de voitureCaractéristiques:1.100% neuf de haute qualité2. Résistant à l'usure écologique, antidérapant sale, roulement solide, pratique et solide3. Facile à installer4. Grande capacité de stockage.

Le support peut être sous un poids très énorme, qui peut charger beaucoup de choses pour vous fournir la commodité.
Le stockage peut diverses choses, y compris les téléphones, une bouteille d'eau, tablette, parapluie, et ainsi de suite.
Sac de siège d'auto multi-fonctions, est commode et pratique dans votre voiture, en gardant la voiture propre et bien rangé.
Il est très facile et pratique à installer, l'installation juste vous coûte un peu de temps et d'énergie.
siège arrière de voiture organisateur suspendu avec boucle sangle Super capacité Multi poches poches maille sac de rangement Sac de rangement en cuir PU 5 couleurs, sac de rangement de coffre de voiture, poche arrière de siège, sac suspendu de décoration de voiture, accessoires d'intérieur
Tout neuf et de haute qualité
Fabriqué en cuir oxford de haute qualité, résistant et facile à nettoyer.Ultra-grande capacité, avec diverses poches et sac en filet, peut stocker des boissons, des collations, des parapluies et d'autres choses dont vous avez besoin.Sangle à boucle réglable, simple à installer et à détacher.Poche à rabat Unique, pratique pour mettre ou sortir vos articles nécessaires.Conception pliable et portable, facile à emballer et à ranger.",GE232CA0KT7JQNAFAMZ,-,2,NOIR,Cuir,https://ma.jumia.is/unsafe/fit-in/680x680/filters:fill(white)/product/34/955126/1.jpg,https://ma.jumia.is/unsafe/fit-in/680x680/filters:fill(white)/product/34/955126/2.jpg,https://ma.jumia.is/unsafe/fit-in/680x680/filters:fill(white)/product/34/955126/3.jpg,https://ma.jumia.is/unsafe/fit-in/680x680/filters:fill(white)/product/34/955126/4.jpg,,,,
https://www.jumia.ma/generic-coussin-de-siege-de-voiture-pour-bebe-59757617.html,Coussin de siège de voiture pour bébé,199.0,399.0,50%,+ livraison à partir de 12.00 Dhs vers CASABLANCA - Anfa,"Détails
l’utilisation d’un siège / coussin de sécurité pour enfant (siège auto) est la protection que vous pouvez offrir à votre enfant lorsque vous voyagez en voiture. Le coussin multifonctions peut réduire considérablement le risque de blessure potentiellement mortelle, en particulier pour les bébés, mais également pour les tout-petits. 
il peut être utilisé lorsque le bébé est assis sur le siège auto ou comme ceinture de chaise pendant les repas. il utilise une conception de ceinture d'épaule en pur coton et coussins qui ne blesse pas le bébé à long terme. matériau doux et confortable est sans danger pour la peau de l'enfant. Il a un design compact qui n'occupe pas plus d'espace. il peut être installé sur le siège auto et également sur une chaise ordinaire à la maison. 
Caractéristiques du produit: Ce siège de coussin de voiture sert à la fois de siège de voiture et de chaise pour les enfants. le coussin de voiture peut également être fixé à une chaise avec dossier et utilisé comme une chaise de bébé. la ceinture peut être ajustée à la longueur appropriée. très portable et ne prend pas d'espace de stockage. installation et retrait faciles pour plus de commodité sans sacrifier la sécurité. idéalement pour les enfants âgés de 1 à 5 ans.",GE232CA16O9EBNAFAMZ,-,71,Noir/Rouge,-,https://ma.jumia.is/unsafe/fit-in/680x680/filters:fill(white)/product/71/675795/1.jpg,https://ma.jumia.is/unsafe/fit-in/680x680/filters:fill(white)/product/71/675795/2.jpg,,,,,,
https://www.jumia.ma/generic-friseur-boucleur-pro-hair-straightener-curling-2-in-1-tourmaline-ceramic-64685503.html,Friseur Boucleur Pro Hair Straightener Curling 2 In 1 Tourmaline Ceramic,159.0,200.0,21%,+ livraison à partir de 12.00 Dhs vers CASABLANCA - Anfa,"Détails
Lisseur Boucleur Curl & Straight Confidence
Le Curl & Straight Confidence est LA solution pour réaliser une coiffure simple qui en jette!
Avec notre design 2en1 unique et intuitif, vous pouvez faire des ondulations, créer les boucles dont vous rêvez ou obtenir une magnifique chevelure lisse.
Vous pouvez sélectionner la température optimale pour vos cheveux grâce à l’écran digital proposant 5 températures allant de 150° à 230°. Ses plaques ultra lisses en céramique sont infusées à la tourmaline antistatique, leur permettant de glisser facilement sur les cheveux, de les faire briller et d'éliminer les frisottis.
Prêt à être utilisé en 30 secondes, le fer chauffe rapidement pour que vous puissiez créer des styles recherchés en quelques secondes. Il est également équipé d'une fonction turbo pour une température qui vous apporte plus de chaleur et vous aide à « révéler la beauté qui est en vous ».
Si vous avez souvent du mal à boucler vos cheveux avec un fer, nos plaques twistées uniques permettent d'obtenir de magnifiques boucles à chaque utilisation.
Le Curl & Straight Confidence a également des embouts froids faciles à tenir qui protègent vos doigts de la chaleur.
Si vous voulez redresser les cheveux, ne faites pas tourner la machine.",GE232ST0I6Z7ANAFAMZ,-,0.3,MULTICOULEURS,Céramique,https://ma.jumia.is/unsafe/fit-in/680x680/filters:fill(white)/product/30/558646/1.jpg,https://ma.jumia.is/unsafe/fit-in/680x680/filters:fill(white)/product/30/558646/2.jpg,,,,,,
https://www.jumia.ma/generic-masseur-electrique-amincissant-pour-le-corps-53962057.html,Masseur électrique amincissant pour le corps,199.0,249.0,20%,+ livraison à partir de 12.00 Dhs vers CASABLANCA - Anfa,"Détails
Electric Body Massager, Health Care, Cellulite Massager, Anti Cellulite, Weight Loss, Body Massager, 5 Heads Features: 1. Handheld design allows you to massage anywhere you want, which is convenient. 2. Vibration massage designed: the strong frequency is up to 3500 times per minute, which is more effective in draining channels and collaterals, directly to the point of pain 3. Activate skin care. The whirlwind effect produced by vibration can activate deep cells, restore skin elasticity and luster, and effectively remove stretch marks. 4. Brighten skin and promote blood circulation. Through high frequency vibration, it can beat and stimulate massage parts, promote blood circulation and easily have healthy and good skin. Descriptions: 1. High frequency Vibration massage, which can relieve fatigue, brighten skin, promote blood circulation, improve sleep quality. 2. Designed with mini appearance, which is portable. 3. Suitable for different groups, such as the elderly, housewife, sedentary people.",GE232SE18O35JNAFAMZ,AUREALSUN,1,MULTI,plastic,https://ma.jumia.is/unsafe/fit-in/680x680/filters:fill(white)/product/75/026935/1.jpg,https://ma.jumia.is/unsafe/fit-in/680x680/filters:fill(white)/product/75/026935/2.jpg,https://ma.jumia.is/unsafe/fit-in/680x680/filters:fill(white)/product/75/026935/3.jpg,https://ma.jumia.is/unsafe/fit-in/680x680/filters:fill(white)/product/75/026935/4.jpg,https://ma.jumia.is/unsafe/fit-in/680x680/filters:fill(white)/product/75/026935/5.jpg,https://ma.jumia.is/unsafe/fit-in/680x680/filters:fill(white)/product/75/026935/6.jpg,https://ma.jumia.is/unsafe/fit-in/680x680/filters:fill(white)/product/75/026935/7.jpg,https://ma.jumia.is/unsafe/fit-in/680x680/filters:fill(white)/product/75/026935/8.jpg
https://www.jumia.ma/generic-bebe-obstruction-rhinite-aspirateur-electrique-astenettoyeur-antarctique-64162085.html,"Bébé Obstruction rhinite Aspirateur électrique Aste,Nettoyeur Antarctique",199.0,250.0,20%,+ livraison à partir de 12.00 Dhs vers CASABLANCA - Anfa,"Détails
1. aspirateur nasl électrique: Comparé aux aspirateurs nasaux manuels traditionnels, les aspirateurs nasaux électriques peuvent nettoyer la congestion nasle d'un bébé plus rapidement et commodément.
2. sûr et Non-irritant: L'aspirateur est fait de matériel mou de silicone, qui est doux et non-irritant et n'endommagera pas la cavité nasle du bébé.
3. détachable et lavable: La buse de l'aspirateur et d'autres pièces peuvent être détachées et lavées pour une hygiène facile et pour empêcher la croissance bactérienne.
4. niveaux d'aspiration multiples: l'aspirateur a plusieurs niveaux d'aspiration, qui peuvent être ajustés en fonction de la congestion nasle et du niveau de confort du bébé.
5. diverses tailles et formes de buse: Livré avec différentes tailles et formes de buse pour s'adapter à différents âges et situations de congestion nasle.
6. batterie rechargeable: l'aspirateur a une batterie rechargeable intégrée, le rendant facile à utiliser, rentable et respectueux de l'environnement.
7. léger et portable: l'aspirateur est petit et léger, ce qui le rend facile à transporter et à résoudre les problèmes de congestion nasle du bébé à tout moment, n'importe où.
8. conception ultra-tranquille: Avec une conception ultra-tranquille, l'aspirateur fonctionne avec le bruit minimal et ne perturbera pas le repos et le sommeil du bébé.",GE232ST0YJP9ENAFAMZ,-,0.2,MULTICOULEURS,ABS,https://ma.jumia.is/unsafe/fit-in/680x680/filters:fill(white)/product/58/026146/1.jpg,https://ma.jumia.is/unsafe/fit-in/680x680/filters:fill(white)/product/58/026146/2.jpg,https://ma.jumia.is/unsafe/fit-in/680x680/filters:fill(white)/product/58/026146/3.jpg,https://ma.jumia.is/unsafe/fit-in/680x680/filters:fill(white)/product/58/026146/4.jpg,https://ma.jumia.is/unsafe/fit-in/680x680/filters:fill(white)/product/58/026146/5.jpg,,,
https://www.jumia.ma/generic-percussion-7in1-cordless-massage-electrique-pour-les-cervicales-et-tout-le-corps-62428295.html,Percussion 7IN1 Cordless Massage électrique Pour Les Cervicales Et Tout Le Corps,299.0,350.0,15%,+ livraison à partir de 12.00 Dhs vers CASABLANCA - Anfa,"Détails
Masseur rechargeable pour une utilisation sans fil - Fonctionne sur une puissante batterie rechargeable Li-Ion 6 modes de massage et 6 options de vitesse - Personnalisez selon vos besoins de massage Durée d'utilisation continue de 80 minutes 
électrique pour le cou et les cervicales, pour tout le corps, le dos, les pieds, la tête, le visage
1. Masseur sans fil, massage thérapeutique par percussion des tissus profonds pour un soulagement musculaire intense2. Léger et facile à utiliser3. Poignée caoutchoutée pour une prise en main facile3. Chargeur alimenté et alimenté par batterie4.7 accessoires, répondent à de multiples besoins5. masseur de chauffage infrarouge6. Fonction variable en continu",GE232SE0ZAMM2NAFAMZ,7IN1,1,NOIR,ABS,https://ma.jumia.is/unsafe/fit-in/680x680/filters:fill(white)/product/59/282426/1.jpg,https://ma.jumia.is/unsafe/fit-in/680x680/filters:fill(white)/product/59/282426/2.jpg,https://ma.jumia.is/unsafe/fit-in/680x680/filters:fill(white)/product/59/282426/3.jpg,https://ma.jumia.is/unsafe/fit-in/680x680/filters:fill(white)/product/59/282426/4.jpg,https://ma.jumia.is/unsafe/fit-in/680x680/filters:fill(white)/product/59/282426/5.jpg,https://ma.jumia.is/unsafe/fit-in/680x680/filters:fill(white)/product/59/282426/6.jpg,,
https://www.jumia.ma/generic-electrique-electrique-portable-lint-fluff-remover-56586664.html,Électrique Électrique Portable Lint Fluff Remover,129.0,199.0,35%,+ livraison à partir de 12.00 Dhs vers CASABLANCA - Anfa,"Détails
Rasoir électrique pour vêtements anti-peluches Fuzz pour chandails/rideaux/tapis
Veuillez laisser le message du type de prise dans la commande. (EU/US/UK/AU)
Caractéristique:
Les lames en T sûres et précises éliminent rapidement et en toute sécurité les bouloches, les peluches et le duvet des vêtements, des tissus d'ameublement, des rideaux, des tapis et plus encore.
Poignée confortable.
Il est léger et facile à transporter.
 Spécification:
Matériel: ABS
Tension: 220V
Puissance : 4W
Fréquence : 50Hz
Temps de charge : 8-10h
Couleur: Bleu + Blanc
Poids : 232g
Taille: 15x12cm (H*W)
Longueur du câble : 1,2 m
 Contenu du coffret:
1 x dissolvant de charpie
 ",GE232HB0RS9P1NAFAMZ,LINT REMOVER,0.27,MULTI,PVC,https://ma.jumia.is/unsafe/fit-in/680x680/filters:fill(white)/product/46/668565/1.jpg,https://ma.jumia.is/unsafe/fit-in/680x680/filters:fill(white)/product/46/668565/2.jpg,https://ma.jumia.is/unsafe/fit-in/680x680/filters:fill(white)/product/46/668565/3.jpg,,,,,
https://www.jumia.ma/generic-sechoir-linge-retractable-etendoir-pliable-ailes-laterales-etendoir-en-inox-47720175.html,Sechoir linge retractable étendoir pliable ailes latérales etendoir en inox,234.0,499.0,53%,+ livraison à partir de 12.00 Dhs vers CASABLANCA - Anfa,"Détails
Notre porte-vêtement est un cintre simple, à la mode et moderne. Vous pouvez y accrocher de nombreux vêtements et y mettre des vêtements ou des serviettes. Il est facile à installer pendant seulement plusieurs minutes, et il pourrait être plié pour économiser beaucoup d'espace dans votre maison. La conception à quatre rouleaux permet de se déplacer facilement et d'économiser beaucoup d'efforts. Sauf pour accrocher des vêtements, des sacs ou d'autres accessoires peuvent être accrochés au crochet supérieur. Il a l'avantage d'une excellente qualité, d'une fabrication exquise et d'une forte stabilité, il restera debout même sous un vent fort. Un porte-vêtement aussi joli et pratique, vous en valez la peine pour votre famille",GE232HA0XZWS6NAFAMZ,,2,BLEU,inox,https://ma.jumia.is/unsafe/fit-in/680x680/filters:fill(white)/product/57/102774/1.jpg,https://ma.jumia.is/unsafe/fit-in/680x680/filters:fill(white)/product/57/102774/2.jpg,https://ma.jumia.is/unsafe/fit-in/680x680/filters:fill(white)/product/57/102774/3.jpg,https://ma.jumia.is/unsafe/fit-in/680x680/filters:fill(white)/product/57/102774/4.jpg,https://ma.jumia.is/unsafe/fit-in/680x680/filters:fill(white)/product/57/102774/5.jpg,https://ma.jumia.is/unsafe/fit-in/680x680/filters:fill(white)/product/57/102774/6.jpg,https://ma.jumia.is/unsafe/fit-in/680x680/filters:fill(white)/product/57/102774/7.jpg,
https://www.jumia.ma/generic-gaufrer-lisseur-7in1-seche-cheveux-electriquemultifonctions-coiffure-brosse-62271247.html,"Gaufrer Lisseur 7in1 Sèche-Cheveux électrique,Multifonctions Coiffure Brosse",339.0,500.0,32%,+ livraison à partir de 12.00 Dhs vers CASABLANCA - Anfa,"Détails
Tension : 210-240V
Max. température : 210 °C
Min. température : 100 °C
Mode d'assemblage de la queue du cordon d'alimentation : 360° Segments de réglage du thermostat rotatif : 1
Longueur du câble : 2m
Homologation : CE
Source d'alimentation : électrique
Brosse sèche-cheveux 1000W 7 en 1, multifonctionnel, brosse à Air chaud, lisseur, outils de coiffure pour femmes et filles, cadeau, Brosse à Air chaud 7 en 1:Un outil multifonctionnel avec 7 têtes de brosse de rechange, vous aide à créer diverses coiffures en quelques minutes: droites, friser, onduler, retourner, frange, ou extrémités de cheveux. Convient aussi bien aux poils secs qu'aux poils mouillés.
Chauffage céramique et technologie ionique:Le revêtement céramique assure une répartition uniforme de la chaleur sur l'ensemble du corps de la brosse. Et il produira des ions négatifs pour réduire les dommages causés par la chaleur, verrouille plus d'humidité pour rendre vos cheveux sans enchevêtrement, plus lisses et plus brillants.
Réglage de la température:La brosse sèche cheveux prend 1000W et offre 2 contrôles de température et un bouton air froid pour vous donner plus de contrôle lors du coiffage des cheveux, idéal pour toutes les saisons.
Brosse sans embrouillement:Leurs poils souples créent une légère tension sur les cheveux afin qu'ils ne s'emmêlent pas ou ne s'arrachent pas pendant le processus de coiffage, et ils peuvent également vous fournir un massage confortable du cuir chevelu.
Facile à utiliser et à transporter:Avec un cordon d'alimentation pivotant de 1.8m à 360 degrés, vous pouvez vous friser par vous-même à n'importe quel angle. La taille compacte vous permet de transporter où vous voulez, idéal pour la maison, le salon, les voyages, etc.",GE232ST186QDMNAFAMZ,7IN1,1,MULTICOULEUR,Céramique,https://ma.jumia.is/unsafe/fit-in/680x680/filters:fill(white)/product/74/217226/1.jpg,https://ma.jumia.is/unsafe/fit-in/680x680/filters:fill(white)/product/74/217226/2.jpg,https://ma.jumia.is/unsafe/fit-in/680x680/filters:fill(white)/product/74/217226/3.jpg,https://ma.jumia.is/unsafe/fit-in/680x680/filters:fill(white)/product/74/217226/4.jpg,,,,
https://www.jumia.ma/generic-5-en-1-magnetique-objectif-interchangeables-lunettes-de-soleil-original-40825774.html?seller_product=1,5 En 1 Magnétique Objectif Interchangeables Lunettes De Soleil-Original,159.0,300.0,47%,+ livraison à partir de 12.00 Dhs vers CASABLANCA - Anfa,"Détails
le clip lunettes de soleil magnétiques est utilisé sur les lunettes
nous offrons 1 monture de lunettes et 5 lunettes de soleil magnétiques avec clip .
Fashion et design élégant.
Fonctionne bien dans le vent.
Bon pour le sport ou d'autres activités de la porte extérieure.
Remarque:
Lunettes pour toute la JournéeAméliorer votre vision à tout moment de la journéeLunettes magiques de trois couleurs dont des verres Bleu, Transparent, DoréLunettes magnétiquesVerres élégantsVerres à changement rapideAnti-éblouissementRéduit la fatigue oculaire (jour)Élimine la lumière éblouissante (nuit)Précision optiqueAméliore la visionProtection 100% UV100% Polarisation (jour et nuit)Résistant aux rayuresPoids légerDurable",GE232FA0SFIASNAFAMZ,Lunettes De Soleil Interchangeables 5 En 1 Magnétique,0.54,cadre + 5 couleurs,Monture incassable,https://ma.jumia.is/unsafe/fit-in/680x680/filters:fill(white)/product/47/752804/1.jpg,https://ma.jumia.is/unsafe/fit-in/680x680/filters:fill(white)/product/47/752804/2.jpg,https://ma.jumia.is/unsafe/fit-in/680x680/filters:fill(white)/product/47/752804/3.jpg,https://ma.jumia.is/unsafe/fit-in/680x680/filters:fill(white)/product/47/752804/4.jpg,https://ma.jumia.is/unsafe/fit-in/680x680/filters:fill(white)/product/47/752804/5.jpg,https://ma.jumia.is/unsafe/fit-in/680x680/filters:fill(white)/product/47/752804/6.jpg,https://ma.jumia.is/unsafe/fit-in/680x680/filters:fill(white)/product/47/752804/7.jpg,https://ma.jumia.is/unsafe/fit-in/680x680/filters:fill(white)/product/47/752804/8.jpg
https://www.jumia.ma/magic-vision-lunettes-a-clip-magnetique-6-en-1-polarisees-ultra-leger-pour-vue-ou-soleil-ou-night-vision-39193851.html,Magic Vision Lunettes a Clip magnétique 6 en 1 Polarisées ultra-léger pour Vue ou Soleil ou night vision,159.0,179.0,11%,+ livraison à partir de 12.00 Dhs vers CASABLANCA - Anfa,"Détails
Pour pouvoir être utilisé à tout moment, à toutes les occasions Avec une monture de lunettes T R 90, des flexibles en forme de pinces ayant la même forme que les lunettes Fermement attaché avec aimants haute résistance et cadre, fermement fixé, pas léger, facile à porter, léger, confortable à porter Disponible pour les hommes et les femmes - Cadre en PC TR 90 léger, léger, résistant, souple - Les verres transparents peuvent changer de verres oculaires - 5 objectifs à clipser interchangeables -Lunettes de soleil à clipser -Écran solaire à pince, au mercure bleu Verres marron clair ou marron -Verres à clip jaune Aide à ajouter des de conduite de nuit
Couleur des verres de lunettes: Genre: Femmes / Hommes",MA065FA09FHLLNAFAMZ,,0.15,,N/A,https://ma.jumia.is/unsafe/fit-in/680x680/filters:fill(white)/product/15/839193/1.jpg,https://ma.jumia.is/unsafe/fit-in/680x680/filters:fill(white)/product/15/839193/2.jpg,https://ma.jumia.is/unsafe/fit-in/680x680/filters:fill(white)/product/15/839193/3.jpg,https://ma.jumia.is/unsafe/fit-in/680x680/filters:fill(white)/product/15/839193/4.jpg,https://ma.jumia.is/unsafe/fit-in/680x680/filters:fill(white)/product/15/839193/5.jpg,https://ma.jumia.is/unsafe/fit-in/680x680/filters:fill(white)/product/15/839193/6.jpg,,
https://www.jumia.ma/12pcs-tour-a-epices-pour-carrouselherbesassaisonnement-spice-set-stockage-pots-generic-mpg1113348.html,"12PCS Tour à épices Pour Carrousel,Herbes,Assaisonnement Spice Set Stockage Pots",169.0,299.0,43%,+ livraison à partir de 12.00 Dhs vers CASABLANCA - Anfa,"Détails
Gardez vos épices préférées à portée de main lorsque vous les empilez haut sur le carrousel robuste. La conception unique de verrouillage maintient les bouteilles en place en toute sécurité, mais chacune s'enlève facilement. ... les bouteilles ont des bouchons blancs nacrés. Comprend des étiquettes d'épices (épices non incluses).



   Vous pouvez également trouvez un catalogue avec de choix de produits très intéressants dans votre boutique sur Jumia k.solutions, n’hésiter pas jetez un petit coup d'œil : Cliquer-ici",GE232HA1JV63ENAFAMZ,2020,0.33,blanc,DDC,https://ma.jumia.is/unsafe/fit-in/680x680/filters:fill(white)/product/93/833114/1.jpg,https://ma.jumia.is/unsafe/fit-in/680x680/filters:fill(white)/product/93/833114/2.jpg,https://ma.jumia.is/unsafe/fit-in/680x680/filters:fill(white)/product/93/833114/3.jpg,https://ma.jumia.is/unsafe/fit-in/680x680/filters:fill(white)/product/93/833114/4.jpg,https://ma.jumia.is/unsafe/fit-in/680x680/filters:fill(white)/product/93/833114/5.jpg,https://ma.jumia.is/unsafe/fit-in/680x680/filters:fill(white)/product/93/833114/6.jpg,https://ma.jumia.is/unsafe/fit-in/680x680/filters:fill(white)/product/93/833114/7.jpg,https://ma.jumia.is/unsafe/fit-in/680x680/filters:fill(white)/product/93/833114/8.jpg
https://www.jumia.ma/cooking-hachoir-electrique-bol-inox-haut-puissance-professionnel-moulins-a-grains-64794168.html,Cooking Hachoir électrique Bol inox Haut Puissance Professionnel Moulins à Grains,299.0,350.0,15%,+ livraison à partir de 15.00 Dhs vers CASABLANCA - Anfa,"Détails
Hachoir électrique pour viande et légumes est plus appropriée pour une utilisation domestique, 2 bol  en acier inoxydable, 2 niveaux de vitesse et 5 lames , 1 batteur et 1 spatule est une combinaison parfaite pour améliore la qualité de vos plats en cuisine. En même temps, avec le mixeur et le hachoir à viande, deux fonctions, cela peut vous éviter beaucoup de soucis. La conception amovible facilite son stockage et son nettoyage. Sa conception compacte permet de gagner de la place dans la cuisine.convient pour la maison, le restaurant, l’hôtel, la cantine et le boucher.

lames en acier inoxydable, solides et antirouille, vitesse lente et rapide pour répondre à vos besoins de hachage.
Fonctionnement Simple, faible bruit. Très facile à démonter et à nettoyer.
Moteur en cuivre haute vitesse, avec protection contre la surchauffe.

 Moteur en cuivre pur, machine polyvalente de bonne qualité, il peut écraser de nombreux aliments, notamment des légumes, des fruits et de la viande. Vous pouvez l’utiliser pour faire de la farce à la dinde, des salades, des sauces, des aliments pour bébés, etc.

Hachoir électrique à 5 lames – en acier inoxydable, le coupant rapidement que ce soit de la viande, des légumes ou des herbes.

Son pot  vous permet de mélanger de grandes quantités à la fois.

De plus, il est conçu pour éviter les taches et les odeurs. Ses lames amovibles en acier inoxydable facilitent le nettoyage.Electrique Hachoir broyeur mixeur robot cuisine menager 2 Bol Inox Et Verre Avec 5 Lames et batteur,robot cuisiniaire,hachoir viande,legumes",CO985HA1FAHKINAFAMZ,-,2,ARGENT,INOX,https://ma.jumia.is/unsafe/fit-in/680x680/filters:fill(white)/product/86/149746/1.jpg,https://ma.jumia.is/unsafe/fit-in/680x680/filters:fill(white)/product/86/149746/2.jpg,,,,,,
https://www.jumia.ma/relax-spin-tone-5-in-1-full-relax-tone-spin-body-massager-3d-electric-full-body-slimming-58206993.html?seller_product=1,Relax & Spin Tone 5 in 1 Full Relax Tone Spin Body Massager 3D Electric Full Body Slimming,229.0,450.0,49%,+ livraison à partir de 12.00 Dhs vers CASABLANCA - Anfa,"Détails
The new professional body massager has stylish, lightweight design and rotational massaging action. It is a very powerful and quiet body massager. The Mambo body massager can effectively soothe aching muscles while helping you massage areas of the body you are targeting in your weight-loss/fitness routines. The Mambo body massager may be used on the waistline, neck shoulder, arms, hips, thighs and calf areas.",RE716SE0NSHJXNAFAMZ,2022,1,,plastique,https://ma.jumia.is/unsafe/fit-in/680x680/filters:fill(white)/product/39/960285/1.jpg,https://ma.jumia.is/unsafe/fit-in/680x680/filters:fill(white)/product/39/960285/2.jpg,https://ma.jumia.is/unsafe/fit-in/680x680/filters:fill(white)/product/39/960285/3.jpg,https://ma.jumia.is/unsafe/fit-in/680x680/filters:fill(white)/product/39/960285/4.jpg,,,,
https://www.jumia.ma/ceinture-de-sudation-reglable-neoprene-minceur-pour-la-taille-la-fesse-soulever-la-courbe-de-la-hanche-doctor-mpg909716.html,"Doctor Ceinture de Sudation Réglable Néoprène Minceur pour la Taille, la Fesse, Soulever la Courbe de la Hanche",148.99,200.0,26%,+ livraison à partir de 12.00 Dhs vers CASABLANCA - Anfa,"Détails
Une ceinture medicale afin de garder les os et les muscles correctement alignés 
Reduit la fatigue
Aide à une apparence physique positive.
Empêche le colonne vertebrale de se fixer dans des positions anormales .",DO683SE007M3CNAFAMZ,,0.3,Noir,Ceinture medicale,https://ma.jumia.is/unsafe/fit-in/680x680/filters:fill(white)/product/00/355224/1.jpg,https://ma.jumia.is/unsafe/fit-in/680x680/filters:fill(white)/product/00/355224/2.jpg,https://ma.jumia.is/unsafe/fit-in/680x680/filters:fill(white)/product/00/355224/3.jpg,https://ma.jumia.is/unsafe/fit-in/680x680/filters:fill(white)/product/00/355224/4.jpg,https://ma.jumia.is/unsafe/fit-in/680x680/filters:fill(white)/product/00/355224/5.jpg,https://ma.jumia.is/unsafe/fit-in/680x680/filters:fill(white)/product/00/355224/6.jpg,,
https://www.jumia.ma/generic-massage-pieds-electrique-multifonctions-footbath-massager-equipement-masseur-62684586.html,Massage Pieds électrique Multifonctions Footbath Massager équipement Masseur,349.0,500.0,30%,+ livraison à partir de 12.00 Dhs vers CASABLANCA - Anfa,"Détails
Footbath Massager vous offre un massage relaxant qui comprend des bulles, du chauffage et de l'ozone tout-en-un. Un régal pour vos pieds, cette baignoire monobloc est dotée d'un panneau de commande, d'un adaptateur et d'un manuel d'instructions. Vous obtenez les avantages de la chaleur apaisante avec un réchauffement rapide, des bulles d'air et de l'oxygène ajouté ou une stérilisation à l'ozone. Une grande capacité magnétique, le bain de pieds a une conception de panier avec une excellente finition.
Massage de bain relaxant pour les pieds
Chaque personne occupée ressent le poids du stress quand elle arrive à la maison. Si vous avez marcher ou courir toute la journée, 
vos pieds ont besoin de beaucoup d'attention. Donnez à vos pieds les soins tendre et affectueux qu'ils méritent avec l’appareil de  Massage multifonctionnel.
Le Massager de Footbath multifonction vous offre votre propre spa de pied personnel dans le confort de votre propre maison. 
Cet l’appareil de  Massage domestique rusé se réchauffe automatiquement et vous donne un massage de secousse profond et tonifiant pour vos pieds. 
Il utilise des vibrateurs doux pour soulager avec succès la douleur et la douleur de marcher ou de courir toute la journée. Le massage multi-fonctions Footbath vous procure également des processus tels que l'oxygénation des ondes de gaz et la physiothérapie infrarouge qui ciblent les douleurs de l'intérieur et les aide à se sentir détendus et sans douleur.
Le Massager de Footbath multifonction vous procure également des processus tels que le gaz Intégrez un massage très bénéfique dans votre routine nocturne à l'aide du Massager multi-fonctions Footbath. 
Ses pieds en caoutchouc ne laissent pas l’appareil glisser lors de votre scène de massage.",GE232SE14T8GINAFAMZ,-,1,GRIS,abs,https://ma.jumia.is/unsafe/fit-in/680x680/filters:fill(white)/product/68/548626/1.jpg,https://ma.jumia.is/unsafe/fit-in/680x680/filters:fill(white)/product/68/548626/2.jpg,,,,,,
https://www.jumia.ma/support-pour-accrocher-les-balais-et-autres-accessoires-avec-5-positions-et-6-crochets-generic-mpg1412550.html,Support pour Accrocher les Balais et autres Accessoires avec 5 positions et 6 Crochets,99.0,,No discount,+ livraison à partir de 12.00 Dhs vers CASABLANCA - Anfa,"Détails
organiser votre placard, cuisine, garage, sous-sol, ou salle de lavage avec cette solution de stockage robuste et polyvalent.
4 crochets friction-grips et 5, le tout en une unité. 
Utiliser les crochets pour suspendre des seaux, chiffons, brosses, etc.
Les poignées friction-grips fixant solidement sur balai ou serpillère, ajuster automatiquement à l'épaisseur du manche. Le poids de l'article resserre la poignée, mais ils libèrent instantanément lorsque la poignée est levée.
Utiliser dans le garage ou le jardinage jardin à accrocher de pelles, râteaux, etc.
Solide et robuste, en alliage d'aluminium et en plastique ABS robuste.",GE232HL0VUWV9NAFAMZ,,,,ABS,https://ma.jumia.is/unsafe/fit-in/680x680/filters:fill(white)/product/53/510373/1.jpg,https://ma.jumia.is/unsafe/fit-in/680x680/filters:fill(white)/product/53/510373/2.jpg,https://ma.jumia.is/unsafe/fit-in/680x680/filters:fill(white)/product/53/510373/3.jpg,,,,,
https://www.jumia.ma/lunettes-hd-vision-unisexe-lumiere-amelioree-pour-la-conduite-nocturne-generic-mpg906291.html,"Lunettes HD Vision Unisexe, lumière améliorée pour la conduite nocturne",99.0,299.0,67%,+ livraison à partir de 15.00 Dhs vers CASABLANCA - Anfa,"Détails
Les lunettes HD de vision nocturne améliorent la couleur, la clarté et la définition optique, ainsi vous pouvez voir mieux en conduisant. Les lentilles anti-éblouissement spéciales réduisent la fatigue oculaire et l’éblouissement des phares, des lampadaires et des feux de circulation dans des conditions humides ou sombres. De plus, ces wrap Arounds à la mode de style Euro s’adaptent facilement sur vos lunettes de prescription, ou peuvent être portés seuls! Parfait pour les hommes ou les femmes Poids léger.Avantages : La technologie HD Vision offrira une vue claire et sûre. Protège contre les rayons UV. la même technologie utilisée par le téléviseur HD. La solution économique pour les personnes qui portent des lunettes et ne veulent pas dépenser sur des visites coûteuses à l’ophtalmologiste. Des bouchons de meilleure qualité pour les lentilles, et aussi bloquer côté lumière. seule la technologie HD Vision vous donne de la clarté. Les lentilles empêchent l’éblouissement et vous donnent du confort. Un design européen unique vous fera paraître superbe! Lentilles version de nuit, vous aider à conduire sans l’éblouissement des lumières qui provoquent les voitures à venir dans la direction opposée. HD Vision vous voyez le monde avec des yeux différents.",GE232CM1DG8HDNAFAMZ,HD Vision,0.6,Noir,Plastic,https://ma.jumia.is/unsafe/fit-in/680x680/filters:fill(white)/product/83/058673/1.jpg,https://ma.jumia.is/unsafe/fit-in/680x680/filters:fill(white)/product/83/058673/2.jpg,https://ma.jumia.is/unsafe/fit-in/680x680/filters:fill(white)/product/83/058673/3.jpg,https://ma.jumia.is/unsafe/fit-in/680x680/filters:fill(white)/product/83/058673/4.jpg,,,,
https://www.jumia.ma/generic-kit-vlogging-smartphone-avec-poignee-microphone-stereo-lumiere-led-youtube-tiktok-65363319.html,"Kit Vlogging Smartphone avec poignée, Microphone stéréo, lumière LED - Youtube, TikTok",199.0,240.0,17%,+ livraison à partir de 12.00 Dhs vers CASABLANCA - Anfa,"Détails
Dear customers, welcome to my store. We are an online store where you can purchase all your electronics, home appliances, kiddies items, fashion items for men, women, and children; cool gadgets, groceries, automobile parts, and more on the go. Our store is a star store dedicated to creating high-quality and practical products, allowing you to enjoy a better lifestyle. Your support is our greatest driving force. All the goods in our store are sold at the lowest price, and the quality is guaranteed. If you need it, please rest assured to buy, we will provide you with a comfortable shopping experience every time. As well we are launching new products every day, please follow our store and pay more attention, you will get the information of our latest products as soon as possible. Clicking on the seller information to enter our store to buy what you needs, after placing an order, we will deliver the goods for you at the frist time. Thank you and have a nice day!
La description:
Léger et flexible : aucune cage à lapin n'est nécessaire. Vous pouvez connecter la lumière d'appoint et le microphone
Microphone : jack 3,5 mm, fixé avec une vis 1/4
Clip de téléphone : sabot fixe 1/4 vis, interface supérieure de sabot froid.
Trépied : Trépied à main, confortable et antidérapant
Ce kit de vlog convient au vlog quotidien, à l'enseignement des cours en ligne, à l'éclairage des appels vidéo, à l'enregistrement vidéo, etc.
spécification:
Matériel: Plastique ABS
La couleur noire
Tableau des tailles:
Taille du colis : 245 x 230 x 43 mm/9,65 x 9,06 x 1,69 pouces
Le forfait comprend:
Microphone 1 pièce
Support 1 pièce
Poignée triangulaire 1 pièce
Lumière d'appoint 1 pièce
Télécommande 1 pièce
Remarque:
1. Veuillez permettre une légère erreur due à la mesure manuelle.
2. En raison de la différence entre les différents moniteurs, l'image peut ne pas refléter la couleur réelle de l'article.
3. Je vous souhaite un merveilleux shopping en ligne !
Kits de vlogging;Kit de vlogging universel pour smartphone portable;Téléphone Vlog Kit Vlog Vidéo Kit Lumière d'appoint;Enregistrement vidéo Photographie Filmer LED;Clip de téléphone Support de téléphone Mini trépied Cold Shoe;Obturateur à distance portable Intérieur Extérieur",GE232EA1IDNL0NAFAMZ,-,0.5,NOIR,ABS,https://ma.jumia.is/unsafe/fit-in/680x680/filters:fill(white)/product/91/336356/1.jpg,https://ma.jumia.is/unsafe/fit-in/680x680/filters:fill(white)/product/91/336356/2.jpg,https://ma.jumia.is/unsafe/fit-in/680x680/filters:fill(white)/product/91/336356/3.jpg,https://ma.jumia.is/unsafe/fit-in/680x680/filters:fill(white)/product/91/336356/4.jpg,https://ma.jumia.is/unsafe/fit-in/680x680/filters:fill(white)/product/91/336356/5.jpg,,,
https://www.jumia.ma/debardeur-de-sudation-ceinture-abdominale-corset-minceur-pour-femme-generic-mpg929531.html,Debardeur de Sudation Ceinture Abdominale Corset Minceur pour Femme,82.99,119.0,50%,+ livraison à partir de 12.00 Dhs vers CASABLANCA - Anfa,"Détails
Débardeur/corset de sport amincissant Buoceans en néoprène.

Favorise le modelage du corps et la perte de poids.

Le premier débardeur style gilet hybride pour la transpiration et la sculpture combinées.

Fabriqué en tissu de néoprène élastique de haute qualité. Vêtement sportif pour femmes.

Conçu pour créer une séance d'entraînement intense offrant un attrait unique tout en s'entraînant.SUER 4 FOIS PLUS & PERDRE DU POIDS FACILEMENT - ce debardeur pour femme se trouve dans son tissu intelligent de néoprène qui augmente la température corporelle vous aidant à suer quatre fois plus, et donc de brûler les graisses plus rapidementCONCEPTION SPÉCIAL - grâce aux bretelles adjustables et 3 rangées de crochets & zip, ce vetement est facile à porter et à adjuster. En plus, vous pouvez resserrer cette ceinture abdominale après une perte de votre tour de taille, sans avoir besoin d'effectuer un nouvel achatMATÉRIAUX DE QUALITÉ - cette ceinture est en néoprène d'épaisseur de 2.5mm avec triple couche pour une grande. La première couche vous fait transpirer, la couche centrale absorbe l'humidité et la troisième évacue la sueurBELLE POSTURE & MOINS DE DOULEURS - avec ce corset minceur pour femme, votre dos sera soutenu afin de régler la posture et d'alléger les douleurs lombaires. En outre, ce gilet se ferme juste sous la poitrine, relevant celle-ci et vous donne un beau décolleté et ventre plat invisibleEFFET AMINCISSANT IMMEDIAT - vous pouvez porter cette gaine amincissante sous vos vêtements lors de sport, fitness, au travail, à la maison. Votre silhouette est redéfinie en un instant grâce à son effet gainant focalisé sur le ventre et le dosIl peut se porter sous un caftan , robe ou notamment pour le sport . 
Permet de perdre des centimètres au niveau du ventre",GE232MW0JEFG1NAFAMZ,.,1,,,https://ma.jumia.is/unsafe/fit-in/680x680/filters:fill(white)/product/32/585905/1.jpg,https://ma.jumia.is/unsafe/fit-in/680x680/filters:fill(white)/product/32/585905/2.jpg,https://ma.jumia.is/unsafe/fit-in/680x680/filters:fill(white)/product/32/585905/3.jpg,https://ma.jumia.is/unsafe/fit-in/680x680/filters:fill(white)/product/32/585905/4.jpg,https://ma.jumia.is/unsafe/fit-in/680x680/filters:fill(white)/product/32/585905/5.jpg,,,
https://www.jumia.ma/double-portemanteau-mobile-professionel-generic-mpg1399729.html,Double porte manteau mobile,158.0,399.0,60%,+ livraison à partir de 12.00 Dhs vers CASABLANCA - Anfa,"Détails
Portant double très pratique en tube d'acier sur roulettes avec deux grandes tringles réglables",GE232HL01MZPGNAFAMZ,,,,,https://ma.jumia.is/unsafe/fit-in/680x680/filters:fill(white)/product/02/752324/1.jpg,,,,,,,
https://www.jumia.ma/generic-aspirateur-portable-sans-fil-a-haute-aspiration-2-en-1-avec-lumiere-led-64425646.html,Aspirateur portable sans fil à haute aspiration 2 en 1 avec lumière LED,159.0,180.0,12%,+ livraison à partir de 12.00 Dhs vers CASABLANCA - Anfa,"Détails
Aspirateur portable 2 en 1 Cet aspirateur portatif n'est pas seulement un aspirateur sans fil, mais il agit également comme un aspirateur soufflant.Un côté est pour passer l'aspirateur, l'autre côté est pour souffler la poussière et les débris.Équipé d'un embout plat et d'une brosse, cet aspirateur peut facilement nettoyer claviers, ordinateurs, équipements électroniques, bureaux, voitures, poils d'animaux, etc.Léger et portableDesign compact2 têtes d'aspirateurAspiration puissanteFiltre lavableInterrupteur marche / arrêt",GE232CA12HQ5ANAFAMZ,-,0.5,NOIR,ABS,https://ma.jumia.is/unsafe/fit-in/680x680/filters:fill(white)/product/64/652446/1.jpg,https://ma.jumia.is/unsafe/fit-in/680x680/filters:fill(white)/product/64/652446/2.jpg,https://ma.jumia.is/unsafe/fit-in/680x680/filters:fill(white)/product/64/652446/3.jpg,https://ma.jumia.is/unsafe/fit-in/680x680/filters:fill(white)/product/64/652446/4.jpg,,,,
https://www.jumia.ma/generic-coussin-massage-electrique-portable-pour-voiture-maison.pour-coudosjambes...-37938745.html,"coussin massage électrique portable pour voiture, maison.pour cou,dos,jambes...",229.0,499.0,54%,+ livraison à partir de 12.00 Dhs vers CASABLANCA - Anfa,"Détails
Coussin massant à mouvement rotatif naturel, 4 têtes massantes chauffantes à infrarouge, inversion du sens de rotation à chaque minute, sangle élastique adaptable à un grand nombre de siège Fonctionne sur adaptateur secteur ou prise allume cigare.
ERGONOMIE INTELLIGENTE: design ergonomique qui convient parfaitement pour une utilisation sur le cou, zones du bas du dos, haut du dos, de l'abdomen, mollet, et la cuisse. revêtement en tissu 3D respirant.
MASSAGE SHIATSU: l'appareil vous masse profondément dans le sens horaire et antihoraire ce qui vous offre une expérience complète de massage Shiatsu. Shiatsu Masseur Standard avec Fonction Chauffante Oreiller Infrarouge
FONCTION CHAUFFANTE: pour soulager efficacement vos tensions musculaires et améliorer la circulation sanguine, parfait pour l'évacuation du stress au quotidien.
UTILISATION EN TOUTE SIMPLICITE: Fonction arrêt automatique au bout de 20 minutes au cas où vous étiez profondément détendu et/ou endormi pendant son utilisation. Manipulation simple avec le bouton ON/OFF",GE232SE0WM7L1NAFAMZ,Masseur,0.8,,,https://ma.jumia.is/unsafe/fit-in/680x680/filters:fill(white)/product/54/783973/1.jpg,https://ma.jumia.is/unsafe/fit-in/680x680/filters:fill(white)/product/54/783973/2.jpg,https://ma.jumia.is/unsafe/fit-in/680x680/filters:fill(white)/product/54/783973/3.jpg,https://ma.jumia.is/unsafe/fit-in/680x680/filters:fill(white)/product/54/783973/4.jpg,https://ma.jumia.is/unsafe/fit-in/680x680/filters:fill(white)/product/54/783973/5.jpg,,,
https://www.jumia.ma/generic-spa-masseur-a-rouleaux-de-bain-de-pieds-foot-spa-bath-and-roller-massager-48910778.html,Spa Masseur à Rouleaux de Bain de Pieds - Foot Spa Bath And Roller Massager,399.0,500.0,20%,+ livraison à partir de 12.00 Dhs vers CASABLANCA - Anfa,"Détails
Footbath Massager vous offre un massage relaxant qui comprend des bulles, du chauffage et de l'ozone tout-en-un. Un régal pour vos pieds, cette baignoire monobloc est dotée d'un panneau de commande, d'un adaptateur et d'un manuel d'instructions. Vous obtenez les avantages de la chaleur apaisante avec un réchauffement rapide, des bulles d'air et de l'oxygène ajouté ou une stérilisation à l'ozone. Une grande capacité magnétique, le bain de pieds a une conception de panier avec une excellente finition.
Massage de bain relaxant pour les pieds avec IR et Rollers Pakistan
Chaque personne occupée ressent le poids du stress quand elle arrive à la maison. Si vous avez marcher ou courir toute la journée, 
vos pieds ont besoin de beaucoup d'attention. Donnez à vos pieds les soins tendre et affectueux qu'ils méritent avec l’appareil de  Massage multifonctionnel.
Le Massager de Footbath multifonction vous offre votre propre spa de pied personnel dans le confort de votre propre maison. 
Cet l’appareil de  Massage domestique rusé se réchauffe automatiquement et vous donne un massage de secousse profond et tonifiant pour vos pieds. 
Il utilise des vibrateurs doux pour soulager avec succès la douleur et la douleur de marcher ou de courir toute la journée. Le massage multi-fonctions Footbath vous procure également des processus tels que l'oxygénation des ondes de gaz et la physiothérapie infrarouge qui ciblent les douleurs de l'intérieur et les aide à se sentir détendus et sans douleur.
Le Massager de Footbath multifonction vous procure également des processus tels que le gaz Intégrez un massage très bénéfique dans votre routine nocturne à l'aide du Massager multi-fonctions Footbath. 
Ses pieds en caoutchouc ne laissent pas l’appareil glisser lors de votre scène de massage.",GE232ST1G7RA8NAFAMZ,Foot bath Massager,1,blanc,ABS,https://ma.jumia.is/unsafe/fit-in/680x680/filters:fill(white)/product/87/701984/1.jpg,https://ma.jumia.is/unsafe/fit-in/680x680/filters:fill(white)/product/87/701984/2.jpg,https://ma.jumia.is/unsafe/fit-in/680x680/filters:fill(white)/product/87/701984/3.jpg,,,,,
https://www.jumia.ma/generic-coussin-de-siege-orthopedique-soulage-douleurs-et-pressions-du-dos-59632428.html?seller_product=1,Coussin de siège Orthopédique Soulage Douleurs Et Pressions Du Dos,159.0,190.0,16%,+ livraison à partir de 12.00 Dhs vers CASABLANCA - Anfa,"Détails
Pure Posture
Pure Posture est un coussin de soutien qui vous aidera à aligner votre bassin et votre colonne vertébrale lorsque vous êtes assis sur des surfaces dures. Vous éviterez ainsi des douleurs dans n'importe quelle partie de votre corps ou du bas du corps. Ce coussin vous sera utile si vous devez vous asseoir sur des chaises en dur de la cuisine ou de la salle à manger, des gradins extérieurs ou des bancs d'église. Cela vous aidera également si vous avez besoin de rester longtemps en voiture ou assis au bureau.
Pure Posture fonctionne grâce à la technologie des micro tubes, ce qui signifie, en termes simples, que chaque côté du coussin est rempli de multiples petites chambres à air. La forme du coussin et l'existence de ces tubes permettent au coussin d'incliner vos hanches et de soulever légèrement le bas de votre corps lorsque vous êtes assis, soulageant ainsi la pression sur votre coccyx. Cela aide également à aligner le bassin et la colonne vertébrale. Avec moins de pression sur le coccyx et le bassin, la douleur risque moins de se présenter et de descendre dans les jambes ou dans le dos. Par conséquent, votre corps tout entier se sentira probablement beaucoup plus à l'aise que d'habitude lorsque vous serez assis sur un coussin Pure Posture.",GE232ST1D2MJ3NAFAMZ,ll,1,MULTICOULEURS,.,https://ma.jumia.is/unsafe/fit-in/680x680/filters:fill(white)/product/82/423695/1.jpg,https://ma.jumia.is/unsafe/fit-in/680x680/filters:fill(white)/product/82/423695/2.jpg,https://ma.jumia.is/unsafe/fit-in/680x680/filters:fill(white)/product/82/423695/3.jpg,https://ma.jumia.is/unsafe/fit-in/680x680/filters:fill(white)/product/82/423695/4.jpg,https://ma.jumia.is/unsafe/fit-in/680x680/filters:fill(white)/product/82/423695/5.jpg,https://ma.jumia.is/unsafe/fit-in/680x680/filters:fill(white)/product/82/423695/6.jpg,,
https://www.jumia.ma/generic-mop-scratch-cleaning-mop-autonettoyant-vadrouille-magique-scratch-62638628.html,MOP Scratch Cleaning Mop Autonettoyant vadrouille magique Scratch,179.0,250.0,28%,+ livraison à partir de 21.00 Dhs vers CASABLANCA - Anfa,"Détails
Convient à toutes les surfaces lisses et dures comme le marbre, les carreaux, les planchers de bois franc et plusDouble usage humide / secGagnez du temps et de l'énergie de nettoyagePlus jamais de tête de vadrouille sale et d'eauLe sol reste sec après le nettoyage. Plus besoin de glisser sur un tas d'eau sur le solPlus de tête de vadrouille malodoranteFacile à assembler, léger et durableSuper absorbant et efficace pour piéger la saleté et même les cheveuxCouvre une large surface et rend votre sol propre et sec en tout tempsLa conception de la tête de vadrouille anti-rayures n'endommagera pas votre plancher de maison précieux et elle est inodoreAmovible, réutilisable et lavableDisque de vadrouille tournant à 360 degrés qui pourrait atteindre dans la plupart des coins et angle qui sont difficiles à atteindre avec les vadrouilles classiques
Dimension:
seau: 39.5cmx22.5cmBalais: 132cmx33cmx12cm 
La boîte intérieure contient:
  1 x Autonettoyant - Boîte de lavage et de séchage  5 x tampon à vadrouille en microfibre",GE232HA1D873ENAFAMZ,-,2,MULTICOULEUR,ABS,https://ma.jumia.is/unsafe/fit-in/680x680/filters:fill(white)/product/82/683626/1.jpg,https://ma.jumia.is/unsafe/fit-in/680x680/filters:fill(white)/product/82/683626/2.jpg,,,,,,
https://www.jumia.ma/generic-oreiller-de-massage-pour-se-debarrasser-des-douleurs-bureau-la-voiture-57073942.html,Oreiller de massage pour se débarrasser des douleurs bureau/ la voiture,289.0,400.0,28%,+ livraison à partir de 12.00 Dhs vers CASABLANCA - Anfa,"Détails
Oreiller de Relaxation du cou vibration de Massage électrique épaule dos chauffant pétrissage pour éliminer les douleurs musculaires, activer la circulation sanguine et masser les pieds grâce aux moteurs rotatifs du coussin qui chauffe et permet de chauffer la maison et la voiture",GE232OT0EUHKJNAFAMZ,Coussin,0.01,MARRON,polytster,https://ma.jumia.is/unsafe/fit-in/680x680/filters:fill(white)/product/24/937075/1.jpg,https://ma.jumia.is/unsafe/fit-in/680x680/filters:fill(white)/product/24/937075/2.jpg,,,,,,
https://www.jumia.ma/aspirateur-aspirateur-portable-pour-nettoyer-les-lits-generic-mpg1380406.html,"Aspirateur, aspirateur portable pour nettoyer les lits",189.0,390.0,52%,+ livraison à partir de 21.00 Dhs vers CASABLANCA - Anfa,"Détails
Machine d'élimination des acariens à main, aspirateur UV Machine de nettoyage sans fil 2022",GE232IP033ZA9NAFAMZ,2022,0.965,gris,Plastique,https://ma.jumia.is/unsafe/fit-in/680x680/filters:fill(white)/product/05/224545/1.jpg,https://ma.jumia.is/unsafe/fit-in/680x680/filters:fill(white)/product/05/224545/2.jpg,https://ma.jumia.is/unsafe/fit-in/680x680/filters:fill(white)/product/05/224545/3.jpg,https://ma.jumia.is/unsafe/fit-in/680x680/filters:fill(white)/product/05/224545/4.jpg,https://ma.jumia.is/unsafe/fit-in/680x680/filters:fill(white)/product/05/224545/5.jpg,,,
https://www.jumia.ma/generic-casque-bluetooth5.0-pour-chat-music-headset-cat-ear-headphones-wireless-47879620.html,Casque Bluetooth5.0 Pour Chat Music Headset Cat Ear Headphones Wireless,179.0,229.0,22%,+ livraison à partir de 12.00 Dhs vers CASABLANCA - Anfa,"Détails
1. La fonction Bluetooth + MP3 prend en charge la lecture de musique stéréo, les appels téléphoniques.
2. Prend en charge tous les appareils audio dotés d'une capacité Bluetooth, tels que téléphone portable, tablette PC, ordinateur portable, ordinateur, etc.
3. Prise audio de 3.5mm, fournit une connexion filaire simple d'une variété d'appareils sans Bluetooth.
4. Vous permet de répondre ou de rejeter les appels téléphoniques à tout moment et en tout lieu.
5. Chargé via USB, batterie rechargeable, pratique et pratique.
6. Temps de lecture jusqu'à 8 ~ 10 heures, et temps de conversation continu jusqu'à 8 heures, temps de veille jusqu'à 148 heures.
7. Bonne qualité, conception pliable et charnières à longueur réglable, très confortable à porter et facile à transporter.
8. Meilleur choix pour écouter de la musique, regarder un film, chatter en ligne, etc.
9. Avec insertion de carte SD, sans aucun appareil bluetooth, peut toujours profiter de la musique à tout moment n'importe où.
10. Écouteurs chat couleur arc-en-ciel, écouteurs cadeaux de vacances pour enfants.
Avec la puce Bluetooth 5.0, le casque sans fil a de hautes performances, une faible consommation d'énergie et une grande stabilité.Il a une forme d'oreille de voiture lumineuse et mignonne de dessin animé, ce qui rend votre casque élégant.Avec batterie intégrée de grande capacité de 400mAh, il a une longue durée de veille.
Il peut fonctionner par carte, Bluetooth ou câble.

    ",GE232EA01LTOYNAFAMZ,VIV-23M,0.75,MAUVE,N/A,https://ma.jumia.is/unsafe/fit-in/680x680/filters:fill(white)/product/02/697874/1.jpg,,,,,,,
https://www.jumia.ma/generic-siege-de-toilette-pot-bebe-siege-pliable-avec-echelle-reglable-pour-nourrissons-37317094.html?seller_product=1,Siège de toilette pot bébé Siège pliable avec échelle réglable pour nourrissons,300.0,,No discount,+ livraison à partir de 12.00 Dhs vers CASABLANCA - Anfa,"Détails
Double-sided armrest design, safe and convenient
Anti-splash design, seat cushion heightening, suitable for male and female baby
4 anti-slip rubber pads on the bottom of the cushion, rotating legs, tight fit, stable and anti-slip
Adjustable pedals to different heights of the baby
Material: ABS, PP
Suitable for 1 - 7 year old baby, can cultivate baby's own habits
Toilet ladder height 35 - 43cm
1. Le choix fait de matériel sûr,Dossier encerclant, conception de poignée ergonomique, Laissez bébé plus à l'aise et plus confortable à utiliser
2. La taille du pot peut être ajustée selon la gamme différente, guider correctement bébé aller aux toilettes
3. Avec un levage de pédale antidérapante, le coussin de siège et le coussin de pieds sont conçus pour être un coussin antidérapant et une protection multiple, empêchant efficacement le glissement de la chaise de l'armoire à eau, et rendre bébé plus sûr à utiliser
4.NConception antidérapante en bas, sûre et fiable",GE232ST0T7RPPNAFAMZ,NA,0.9,,,https://ma.jumia.is/unsafe/fit-in/680x680/filters:fill(white)/product/49/071373/1.jpg,https://ma.jumia.is/unsafe/fit-in/680x680/filters:fill(white)/product/49/071373/2.jpg,https://ma.jumia.is/unsafe/fit-in/680x680/filters:fill(white)/product/49/071373/3.jpg,https://ma.jumia.is/unsafe/fit-in/680x680/filters:fill(white)/product/49/071373/4.jpg,https://ma.jumia.is/unsafe/fit-in/680x680/filters:fill(white)/product/49/071373/5.jpg,,,
https://www.jumia.ma/f8-1080p-mini-camera-sans-fil-wifi-camescope-150-angle-de-vision-securite-a-domicile-dvr-ir-camera-de-securite-nocturne-v380-controle-de-lapplication-generic-mpg1036986.html,F8 1080P Mini caméra sans fil WIFI caméscope 150 Angle de vision sécurité à domicile DVR IR caméra de sécurité nocturne V380 contrôle de l'application,199.0,450.0,56%,+ livraison à partir de 15.00 Dhs vers CASABLANCA - Anfa,"Détails
Support rotatif de base 360. Petite taille avec support pivotant 360. Facile à gérer avec plusieurs perspectives. Câblage d'installation sans plug-in, libre à placer.
Plusieurs modes d'alimentation. Appareil photo avec batterie, directement connecté à l'alimentation ou à la banque d'alimentation.
 8 lumières de vision nocturne infrarouges. Vision nocturne ultra longue distance 8 mètres. Lampe LED infrarouge haute puissance intégrée, distance de vision nocturne jusqu'à 10 mètres. Répondre pleinement aux besoins de surveillance à domicile / en magasin. Commutation automatique entre le mode lumière de jour et de nuit en fonction de l'environnement infrarouge.
 Détection intelligente. Mode de poussée d'alarme à distance. Prise en charge de la fonction d'alarme à distance de détection mobile. Lorsque quelqu'un passe à travers la zone de détection, il envoie les informations d'alarme sur le téléphone mobile et ouvre l'application.
Prise en charge de la mémoire 128G mémoire locale, fente pour carte intégrée, prise en charge de la fonction d'insertion de carte.Il peut également enregistrer 24 heures sans ordinateur et prendre en charge le stockage 8-128g TF.
Stockage cyclique automatique de la vidéo. Une fois que la carte mémoire est pleine de vidéo, elle couvrira automatiquement le cycle continu d'origine. Il n'est pas nécessaire de supprimer à la main.
2 millions de qualité d'image ultra claire. Nouvelle résolution HD 1080p. Mise à niveau vers la vidéo HD 1080p avec une fréquence d'images jusqu'à 20 ips, Rendez l'image plus claire et plus fluide, même si les détails de visualisation à distance sont clairs en un coup d'œil.
 Vision grand angle. Grand angle de 150 °, champ de vision plus large, surveillance tactile à chaque coin, ne vous inquiétez pas de la ""zone aveugle"" de la vision de surveillance.",GE232CM0I53FINAFAMZ,"camera Ip, camera bébé, camera wifi, camera sans fil, camera, Moniteur bébé, sécurité,",0.1,,électric,https://ma.jumia.is/unsafe/fit-in/680x680/filters:fill(white)/product/30/470814/1.jpg,https://ma.jumia.is/unsafe/fit-in/680x680/filters:fill(white)/product/30/470814/2.jpg,https://ma.jumia.is/unsafe/fit-in/680x680/filters:fill(white)/product/30/470814/3.jpg,https://ma.jumia.is/unsafe/fit-in/680x680/filters:fill(white)/product/30/470814/4.jpg,https://ma.jumia.is/unsafe/fit-in/680x680/filters:fill(white)/product/30/470814/5.jpg,https://ma.jumia.is/unsafe/fit-in/680x680/filters:fill(white)/product/30/470814/6.jpg,https://ma.jumia.is/unsafe/fit-in/680x680/filters:fill(white)/product/30/470814/7.jpg,https://ma.jumia.is/unsafe/fit-in/680x680/filters:fill(white)/product/30/470814/8.jpg
https://www.jumia.ma/generic-mini-camera-cachee-wifi-petite-vision-nocturne-full-hd-1080p-41548113.html,Mini Camera Cachée WiFi Petite Vision Nocturne Full HD 1080P,249.0,799.0,69%,+ livraison à partir de 15.00 Dhs vers CASABLANCA - Anfa,"Détails
Pourquoi nous choisir ?
Super petit
Mini caméra WiFi. Idéal pour assurer la sécurité de votre maison, surveiller votre bébé, prendre des photos instantanées et enregistrer des vidéos sans suspicion.
Application avec plusieurs appareils photo.
Cette caméra prend en charge une application pour connecter plusieurs caméras afin que vous puissiez surveiller chaque coin de votre maison en même temps.
Corps magnétique intégré et rotation libre à 360°.
Avec l'aimant puissant intégré, la caméra cachée peut être absorbée fermement sur une surface en fer arbitraire. En utilisant le support magnétique supplémentaire inclus, vous pouvez installer la caméra espion partout et ajuster manuellement la caméra dans n'importe quelle direction.
Facile à utiliser et visualisation à distance.
Téléchargez simplement l'application gratuite « Little Stars » sur votre smartphone ou d'autres appareils. Connectez votre téléphone au Wi-Fi de la caméra et laissez la caméra connecter le Wi-Fi de votre maison. Vidéo à distance / regardez vos animaux / enfants / magasins via smartphone / tablette / PC.
Instructions d'utilisation :
1. Téléchargez l'application (Little Stars) dans l'App Store ou Google Play.
2. Appuyez sur le bouton ON/OFF pendant 3 secondes pour allumer la mini caméra.
3. Trouvez et connectez le point d'accès Wi-Fi de la mini caméra dans les paramètres WLAN de votre téléphone. Ou scannez le code QR de la mini caméra et connectez votre Wi-Fi à 2,4 GHz dans l'application. Paramètres de l'appareil-WiFi.
4. Regardez la vidéo en direct.
5. Si vous voulez enregistrer la vidéo, formatez la carte micro SD avant utilisation.
Contenu de la livraison :
1 mini caméra cachée.
1 support magnétique.
2 câbles USB.",GE232CM0IKE4INAFAMZ,ha46,0.5,NOIR,electronique,https://ma.jumia.is/unsafe/fit-in/680x680/filters:fill(white)/product/31/184514/1.jpg,https://ma.jumia.is/unsafe/fit-in/680x680/filters:fill(white)/product/31/184514/2.jpg,https://ma.jumia.is/unsafe/fit-in/680x680/filters:fill(white)/product/31/184514/3.jpg,https://ma.jumia.is/unsafe/fit-in/680x680/filters:fill(white)/product/31/184514/4.jpg,https://ma.jumia.is/unsafe/fit-in/680x680/filters:fill(white)/product/31/184514/5.jpg,https://ma.jumia.is/unsafe/fit-in/680x680/filters:fill(white)/product/31/184514/6.jpg,https://ma.jumia.is/unsafe/fit-in/680x680/filters:fill(white)/product/31/184514/7.jpg,https://ma.jumia.is/unsafe/fit-in/680x680/filters:fill(white)/product/31/184514/8.jpg
https://www.jumia.ma/generic-boucleur-cheveux-professionnel-pour-femme-appareils-et-outils-de-coiffure-61110115.html,Boucleur Cheveux Professionnel Pour Femme Appareils Et Outils De Coiffure,299.0,400.0,25%,+ livraison à partir de 12.00 Dhs vers CASABLANCA - Anfa,"Détails
1.Ce bigoudi en céramique n'endommagera pas vos cheveux lorsque vous utilisez des boucles chaudes et à vapeur. Rendez vos cheveux amusants et bouclés facilement en quelques minutes.
Conçu avec des plaques en céramique à chauffage rapide, ce bigoudi automatique veut atteindre des températures allant jusqu'à 190 ° C, gardant la chaleur exactement là où elle doit être, vous laissant des résultats de qualité professionnelle en un rien de temps.
Une fois en place, le bigoudi attirera automatiquement les cheveux dans sa chambre doublée de céramique, où il restera en place jusqu'à ce qu'ils soient chauffés.",GE232ST0UF9VGNAFAMZ,Umate Boucleur cheveux,1,noir,plastic,https://ma.jumia.is/unsafe/fit-in/680x680/filters:fill(white)/product/51/101116/1.jpg,https://ma.jumia.is/unsafe/fit-in/680x680/filters:fill(white)/product/51/101116/2.jpg,,,,,,
